date,time,global_active_power,global_reactive_power,voltage,global_intensity,sub_metering_1,sub_metering_2,sub_metering_3
2007-01-01,00:00:00,2.58,0.136,241.97,10.6,0,0,0
2007-01-01,00:01:00,2.552,0.1,241.75,10.4,0,0,0
2007-01-01,00:02:00,2.55,0.1,241.64,10.4,0,0,0
2007-01-01,00:03:00,2.55,0.1,241.71,10.4,0,0,0
2007-01-01,00:04:00,2.554,0.1,241.98,10.4,0,0,0
2007-01-01,00:05:00,2.55,0.1,241.83,10.4,0,0,0
2007-01-01,00:06:00,2.534,0.096,241.07,10.4,0,0,0
2007-01-01,00:07:00,2.484,0.0,241.29,10.2,0,0,0
2007-01-01,00:08:00,2.468,0.0,241.23,10.2,0,0,0
2007-01-01,00:09:00,2.486,0.0,242.18,10.2,0,0,0
2007-01-01,00:10:00,2.492,0.0,242.46,10.2,0,0,0
2007-01-01,00:11:00,2.5,0.0,242.88,10.2,0,0,0
2007-01-01,00:12:00,2.494,0.0,242.57,10.2,0,0,0
2007-01-01,00:13:00,2.492,0.0,242.41,10.2,0,0,0
2007-01-01,00:14:00,2.48,0.0,241.81,10.2,0,0,0
2007-01-01,00:15:00,2.478,0.0,241.73,10.2,0,0,0
2007-01-01,00:16:00,2.47,0.0,241.29,10.2,0,0,0
2007-01-01,00:17:00,2.466,0.0,241.11,10.2,0,0,0
2007-01-01,00:18:00,2.456,0.0,240.59,10.2,0,0,0
2007-01-01,00:19:00,2.46,0.0,240.83,10.2,0,0,0
2007-01-01,00:20:00,2.544,0.092,240.9,10.6,0,0,0
2007-01-01,00:21:00,2.55,0.116,241.15,10.4,0,1,0
2007-01-01,00:22:00,2.554,0.118,241.55,10.6,0,1,0
2007-01-01,00:23:00,2.65,0.218,241.67,11.0,0,2,0
2007-01-01,00:24:00,2.682,0.258,242.45,11.0,0,1,0
2007-01-01,00:25:00,2.66,0.252,241.6,11.0,0,1,0
2007-01-01,00:26:00,2.65,0.25,241.14,11.0,0,2,0
2007-01-01,00:27:00,2.654,0.25,241.38,11.0,0,1,0
2007-01-01,00:28:00,2.642,0.248,240.9,11.0,0,2,0
2007-01-01,00:29:00,2.644,0.25,241.15,11.0,0,1,0
2007-01-01,00:30:00,2.648,0.252,241.32,11.0,0,1,0
2007-01-01,00:31:00,2.646,0.252,241.35,11.0,0,2,0
2007-01-01,00:32:00,2.644,0.252,241.38,11.0,0,1,0
2007-01-01,00:33:00,2.656,0.256,242.03,11.0,0,1,0
2007-01-01,00:34:00,2.65,0.254,241.86,11.0,0,2,0
2007-01-01,00:35:00,2.642,0.252,241.47,11.0,0,1,0
2007-01-01,00:36:00,2.63,0.248,240.96,10.8,0,1,0
2007-01-01,00:37:00,2.606,0.214,240.94,10.8,0,2,0
2007-01-01,00:38:00,2.556,0.132,240.31,10.6,0,1,0
2007-01-01,00:39:00,2.602,0.216,240.46,10.8,0,1,0
2007-01-01,00:40:00,2.602,0.216,240.5,10.8,0,1,0
2007-01-01,00:41:00,2.594,0.214,240.08,10.8,0,2,0
2007-01-01,00:42:00,2.6,0.216,240.5,10.8,0,1,0
2007-01-01,00:43:00,2.602,0.216,240.65,10.8,0,1,0
2007-01-01,00:44:00,2.6,0.216,240.68,10.8,0,1,0
2007-01-01,00:45:00,2.598,0.216,240.69,10.8,0,1,0
2007-01-01,00:46:00,2.59,0.214,240.3,10.8,0,2,0
2007-01-01,00:47:00,2.554,0.148,240.85,10.6,0,1,0
2007-01-01,00:48:00,2.484,0.0,240.98,10.2,0,0,0
2007-01-01,00:49:00,2.472,0.0,241.4,10.2,0,0,0
2007-01-01,00:50:00,2.486,0.0,242.11,10.2,0,0,0
2007-01-01,00:51:00,2.486,0.0,242.12,10.2,0,0,0
2007-01-01,00:52:00,2.482,0.0,241.96,10.2,0,0,0
2007-01-01,00:53:00,2.484,0.0,241.98,10.2,0,0,0
2007-01-01,00:54:00,2.48,0.0,241.84,10.2,0,0,0
2007-01-01,00:55:00,2.458,0.0,240.63,10.2,0,0,0
2007-01-01,00:56:00,2.46,0.0,240.81,10.2,0,0,0
2007-01-01,00:57:00,2.462,0.0,240.82,10.2,0,0,0
2007-01-01,00:58:00,2.472,0.0,241.39,10.2,0,0,0
2007-01-01,00:59:00,2.466,0.0,241.09,10.2,0,0,0
2007-01-01,01:00:00,2.466,0.0,241.09,10.2,0,0,0
2007-01-01,01:01:00,2.59,0.118,241.79,10.6,0,0,0
2007-01-01,01:02:00,2.59,0.132,242.04,10.6,0,0,0
2007-01-01,01:03:00,2.576,0.128,241.43,10.6,0,0,0
2007-01-01,01:04:00,2.566,0.128,241.05,10.6,0,0,0
2007-01-01,01:05:00,2.564,0.126,240.98,10.6,0,0,0
2007-01-01,01:06:00,2.56,0.126,240.91,10.6,0,0,0
2007-01-01,01:07:00,2.552,0.124,240.58,10.6,0,0,0
2007-01-01,01:08:00,2.564,0.128,241.19,10.6,0,0,0
2007-01-01,01:09:00,2.558,0.126,240.99,10.6,0,0,0
2007-01-01,01:10:00,2.56,0.126,241.12,10.6,0,0,0
2007-01-01,01:11:00,2.576,0.132,241.95,10.6,0,0,0
2007-01-01,01:12:00,2.57,0.13,241.73,10.6,0,0,0
2007-01-01,01:13:00,2.56,0.128,241.24,10.6,0,0,0
2007-01-01,01:14:00,2.566,0.128,241.49,10.6,0,0,0
2007-01-01,01:15:00,2.502,0.0,242.0,10.2,0,0,0
2007-01-01,01:16:00,2.482,0.0,241.94,10.2,0,0,0
2007-01-01,01:17:00,2.478,0.0,241.79,10.2,0,0,0
2007-01-01,01:18:00,2.482,0.0,242.0,10.2,0,0,0
2007-01-01,01:19:00,2.58,0.102,242.37,10.6,0,0,0
2007-01-01,01:20:00,2.564,0.102,242.3,10.6,0,0,0
2007-01-01,01:21:00,2.58,0.106,243.15,10.6,0,0,0
2007-01-01,01:22:00,2.572,0.104,242.8,10.6,0,0,0
2007-01-01,01:23:00,2.566,0.102,242.53,10.6,0,0,0
2007-01-01,01:24:00,2.57,0.104,242.8,10.6,0,0,0
2007-01-01,01:25:00,2.57,0.104,242.82,10.6,0,0,0
2007-01-01,01:26:00,2.566,0.104,242.73,10.6,0,0,0
2007-01-01,01:27:00,2.504,0.0,241.47,10.2,0,0,0
2007-01-01,01:28:00,2.474,0.0,241.52,10.2,0,0,0
2007-01-01,01:29:00,2.456,0.0,240.56,10.2,0,0,0
2007-01-01,01:30:00,2.448,0.0,240.11,10.2,0,0,0
2007-01-01,01:31:00,2.446,0.0,240.03,10.2,0,0,0
2007-01-01,01:32:00,2.452,0.0,240.3,10.2,0,0,0
2007-01-01,01:33:00,2.452,0.0,240.37,10.2,0,0,0
2007-01-01,01:34:00,2.452,0.0,240.34,10.2,0,0,0
2007-01-01,01:35:00,2.444,0.0,239.95,10.2,0,0,0
2007-01-01,01:36:00,2.444,0.0,239.91,10.2,0,0,0
2007-01-01,01:37:00,2.462,0.0,240.89,10.2,0,0,0
2007-01-01,01:38:00,2.51,0.052,240.01,10.4,0,0,0
2007-01-01,01:39:00,2.546,0.12,239.63,10.6,0,0,0
2007-01-01,01:40:00,2.548,0.122,240.0,10.6,0,0,0
2007-01-01,01:41:00,2.548,0.122,240.04,10.6,0,0,0
2007-01-01,01:42:00,2.552,0.122,240.36,10.6,0,0,0
2007-01-01,01:43:00,2.544,0.12,239.96,10.6,0,0,0
2007-01-01,01:44:00,2.538,0.12,239.83,10.6,0,0,0
2007-01-01,01:45:00,2.548,0.122,240.42,10.6,0,0,0
2007-01-01,01:46:00,2.554,0.124,240.71,10.6,0,0,0
2007-01-01,01:47:00,2.552,0.124,240.74,10.6,0,0,0
2007-01-01,01:48:00,2.55,0.124,240.66,10.6,0,0,0
2007-01-01,01:49:00,2.548,0.124,240.6,10.6,0,0,0
2007-01-01,01:50:00,2.552,0.124,240.8,10.6,0,0,0
2007-01-01,01:51:00,2.548,0.122,240.56,10.6,0,0,0
2007-01-01,01:52:00,2.502,0.048,240.89,10.4,0,0,0
2007-01-01,01:53:00,2.466,0.0,241.03,10.2,0,0,0
2007-01-01,01:54:00,2.48,0.0,241.77,10.2,0,0,0
2007-01-01,01:55:00,2.474,0.0,241.46,10.2,0,0,0
2007-01-01,01:56:00,2.47,0.0,241.28,10.2,0,0,0
2007-01-01,01:57:00,2.464,0.0,240.93,10.2,0,0,0
2007-01-01,01:58:00,2.45,0.0,240.24,10.2,0,0,0
2007-01-01,01:59:00,2.496,0.0,239.61,10.4,0,0,0
2007-01-01,02:00:00,2.504,0.088,239.26,10.4,0,0,0
2007-01-01,02:01:00,2.54,0.096,241.07,10.4,0,0,0
2007-01-01,02:02:00,2.568,0.102,242.48,10.6,0,0,0
2007-01-01,02:03:00,2.566,0.102,242.42,10.6,0,0,0
2007-01-01,02:04:00,2.574,0.106,242.95,10.6,0,0,0
2007-01-01,02:05:00,2.582,0.108,243.38,10.6,0,0,0
2007-01-01,02:06:00,2.576,0.106,243.17,10.6,0,0,0
2007-01-01,02:07:00,2.556,0.082,242.89,10.4,0,0,0
2007-01-01,02:08:00,2.502,0.0,242.94,10.2,0,0,0
2007-01-01,02:09:00,2.514,0.0,243.57,10.2,0,0,0
2007-01-01,02:10:00,2.508,0.0,243.28,10.2,0,0,0
2007-01-01,02:11:00,2.52,0.0,243.91,10.2,0,0,0
2007-01-01,02:12:00,2.518,0.0,243.76,10.2,0,0,0
2007-01-01,02:13:00,2.518,0.0,243.81,10.2,0,0,0
2007-01-01,02:14:00,2.514,0.0,243.57,10.2,0,0,0
2007-01-01,02:15:00,2.54,0.0,243.32,10.4,0,0,0
2007-01-01,02:16:00,2.608,0.134,242.76,10.6,0,0,0
2007-01-01,02:17:00,2.622,0.14,243.66,10.6,0,0,0
2007-01-01,02:18:00,2.618,0.138,243.64,10.6,0,0,0
2007-01-01,02:19:00,2.618,0.138,243.72,10.6,0,0,0
2007-01-01,02:20:00,2.624,0.142,244.15,10.6,0,0,0
2007-01-01,02:21:00,2.632,0.144,244.6,10.6,0,0,0
2007-01-01,02:22:00,2.63,0.144,244.5,10.6,0,0,0
2007-01-01,02:23:00,2.622,0.142,244.22,10.6,0,0,0
2007-01-01,02:24:00,2.614,0.14,243.88,10.6,0,0,0
2007-01-01,02:25:00,2.596,0.136,242.97,10.6,0,0,0
2007-01-01,02:26:00,2.598,0.136,243.07,10.6,0,0,0
2007-01-01,02:27:00,2.584,0.132,242.45,10.6,0,0,0
2007-01-01,02:28:00,2.592,0.134,242.84,10.6,0,0,0
2007-01-01,02:29:00,2.568,0.086,243.33,10.4,0,0,0
2007-01-01,02:30:00,2.514,0.0,243.63,10.2,0,0,0
2007-01-01,02:31:00,2.518,0.0,243.79,10.2,0,0,0
2007-01-01,02:32:00,2.518,0.0,243.81,10.2,0,0,0
2007-01-01,02:33:00,2.522,0.0,244.0,10.2,0,0,0
2007-01-01,02:34:00,2.532,0.0,244.5,10.2,0,0,0
2007-01-01,02:35:00,2.542,0.0,244.99,10.2,0,0,0
2007-01-01,02:36:00,2.532,0.0,244.47,10.2,0,0,0
2007-01-01,02:37:00,2.504,0.0,242.98,10.2,0,0,0
2007-01-01,02:38:00,2.498,0.0,242.78,10.2,0,0,0
2007-01-01,02:39:00,2.5,0.0,242.86,10.2,0,0,0
2007-01-01,02:40:00,2.57,0.084,242.49,10.6,0,0,0
2007-01-01,02:41:00,2.568,0.104,242.6,10.6,0,0,0
2007-01-01,02:42:00,2.576,0.104,242.96,10.6,0,0,0
2007-01-01,02:43:00,2.574,0.104,242.85,10.6,0,0,0
2007-01-01,02:44:00,2.614,0.15,242.46,10.8,0,0,0
2007-01-01,02:45:00,2.654,0.23,242.87,10.8,0,1,0
2007-01-01,02:46:00,2.67,0.234,243.73,11.0,0,1,0
2007-01-01,02:47:00,2.666,0.236,243.71,11.0,0,2,0
2007-01-01,02:48:00,2.624,0.18,243.2,10.8,0,1,0
2007-01-01,02:49:00,2.58,0.122,242.69,10.6,0,2,0
2007-01-01,02:50:00,2.586,0.124,243.02,10.6,0,1,0
2007-01-01,02:51:00,2.592,0.126,243.29,10.6,0,1,0
2007-01-01,02:52:00,2.588,0.124,243.1,10.6,0,2,0
2007-01-01,02:53:00,2.692,0.242,243.15,11.0,0,1,0
2007-01-01,02:54:00,2.696,0.264,243.15,11.0,0,2,0
2007-01-01,02:55:00,2.69,0.262,243.11,11.0,0,1,0
2007-01-01,02:56:00,2.694,0.264,243.46,11.0,0,1,0
2007-01-01,02:57:00,2.68,0.26,242.82,11.0,0,2,0
2007-01-01,02:58:00,2.666,0.256,242.23,11.0,0,1,0
2007-01-01,02:59:00,2.654,0.254,241.74,11.0,0,1,0
2007-01-01,03:00:00,2.648,0.254,241.63,11.0,0,2,0
2007-01-01,03:01:00,2.666,0.26,242.65,11.0,0,1,0
2007-01-01,03:02:00,2.672,0.262,242.96,11.0,0,1,0
2007-01-01,03:03:00,2.67,0.262,242.97,11.0,0,1,0
2007-01-01,03:04:00,2.672,0.262,243.18,11.0,0,2,0
2007-01-01,03:05:00,2.666,0.262,242.91,11.0,0,1,0
2007-01-01,03:06:00,2.662,0.246,243.29,11.0,0,1,0
2007-01-01,03:07:00,2.58,0.126,243.28,10.6,0,1,0
2007-01-01,03:08:00,2.57,0.122,242.8,10.6,0,2,0
2007-01-01,03:09:00,2.57,0.122,242.81,10.6,0,1,0
2007-01-01,03:10:00,2.568,0.122,242.72,10.6,0,1,0
2007-01-01,03:11:00,2.58,0.126,243.34,10.6,0,1,0
2007-01-01,03:12:00,2.558,0.07,243.87,10.4,0,1,0
2007-01-01,03:13:00,2.522,0.0,244.02,10.2,0,0,0
2007-01-01,03:14:00,2.52,0.0,243.85,10.2,0,0,0
2007-01-01,03:15:00,2.506,0.0,243.2,10.2,0,0,0
2007-01-01,03:16:00,2.532,0.0,242.76,10.4,0,0,0
2007-01-01,03:17:00,2.55,0.0,242.82,10.4,0,0,0
2007-01-01,03:18:00,2.54,0.0,243.04,10.4,0,0,0
2007-01-01,03:19:00,2.764,0.0,242.39,11.4,0,0,0
2007-01-01,03:20:00,2.7,0.0,243.0,11.0,0,0,0
2007-01-01,03:21:00,2.8,0.114,243.66,11.4,0,0,0
2007-01-01,03:22:00,2.54,0.118,244.16,10.4,0,0,0
2007-01-01,03:23:00,2.548,0.12,244.56,10.4,0,0,0
2007-01-01,03:24:00,2.554,0.122,244.86,10.4,0,0,0
2007-01-01,03:25:00,2.558,0.122,245.07,10.4,0,0,0
2007-01-01,03:26:00,2.542,0.12,244.39,10.4,0,0,0
2007-01-01,03:27:00,2.536,0.118,244.06,10.4,0,0,0
2007-01-01,03:28:00,2.534,0.118,244.01,10.4,0,0,0
2007-01-01,03:29:00,2.468,0.0,243.43,10.0,0,0,0
2007-01-01,03:30:00,2.522,0.088,243.08,10.4,0,0,0
2007-01-01,03:31:00,2.556,0.144,243.12,10.4,0,0,0
2007-01-01,03:32:00,2.536,0.14,242.36,10.4,0,0,0
2007-01-01,03:33:00,2.532,0.14,242.17,10.4,0,0,0
2007-01-01,03:34:00,2.536,0.142,242.55,10.4,0,0,0
2007-01-01,03:35:00,2.534,0.142,242.57,10.4,0,0,0
2007-01-01,03:36:00,2.538,0.144,242.78,10.4,0,0,0
2007-01-01,03:37:00,2.538,0.144,242.89,10.4,0,0,0
2007-01-01,03:38:00,2.54,0.144,243.0,10.4,0,0,0
2007-01-01,03:39:00,2.54,0.144,243.07,10.4,0,0,0
2007-01-01,03:40:00,2.546,0.146,243.43,10.4,0,0,0
2007-01-01,03:41:00,2.55,0.148,243.66,10.4,0,0,0
2007-01-01,03:42:00,2.542,0.146,243.25,10.4,0,0,0
2007-01-01,03:43:00,2.544,0.146,243.39,10.4,0,0,0
2007-01-01,03:44:00,2.466,0.0,243.8,10.0,0,0,0
2007-01-01,03:45:00,2.45,0.0,243.29,10.0,0,0,0
2007-01-01,03:46:00,2.446,0.0,243.18,10.0,0,0,0
2007-01-01,03:47:00,2.456,0.0,243.63,10.0,0,0,0
2007-01-01,03:48:00,2.46,0.0,243.77,10.0,0,0,0
2007-01-01,03:49:00,2.448,0.0,243.18,10.0,0,0,0
2007-01-01,03:50:00,2.458,0.0,243.66,10.0,0,0,0
2007-01-01,03:51:00,2.456,0.0,243.61,10.0,0,0,0
2007-01-01,03:52:00,2.452,0.0,243.44,10.0,0,0,0
2007-01-01,03:53:00,2.448,0.0,243.18,10.0,0,0,0
2007-01-01,03:54:00,2.45,0.0,243.18,10.0,0,0,0
2007-01-01,03:55:00,2.45,0.0,243.21,10.0,0,0,0
2007-01-01,03:56:00,2.456,0.0,243.49,10.0,0,0,0
2007-01-01,03:57:00,2.43,0.0,243.19,10.0,0,0,0
2007-01-01,03:58:00,2.42,0.0,242.99,9.8,0,0,0
2007-01-01,03:59:00,2.404,0.0,242.13,9.8,0,0,0
2007-01-01,04:00:00,2.4,0.0,241.96,9.8,0,0,0
2007-01-01,04:01:00,2.416,0.0,241.47,10.0,0,0,0
2007-01-01,04:02:00,2.476,0.102,241.91,10.2,0,0,0
2007-01-01,04:03:00,2.474,0.102,241.91,10.2,0,0,0
2007-01-01,04:04:00,2.482,0.104,242.2,10.2,0,0,0
2007-01-01,04:05:00,2.484,0.104,242.38,10.2,0,0,0
2007-01-01,04:06:00,2.474,0.102,241.96,10.2,0,0,0
2007-01-01,04:07:00,2.474,0.102,242.0,10.2,0,0,0
2007-01-01,04:08:00,2.58,0.232,241.31,10.6,0,0,0
2007-01-01,04:09:00,2.574,0.224,242.23,10.6,0,0,0
2007-01-01,04:10:00,2.518,0.136,242.68,10.4,0,0,0
2007-01-01,04:11:00,2.522,0.138,242.99,10.4,0,0,0
2007-01-01,04:12:00,2.498,0.132,241.8,10.2,0,0,0
2007-01-01,04:13:00,2.496,0.132,241.82,10.2,0,0,0
2007-01-01,04:14:00,2.496,0.132,241.89,10.2,0,0,0
2007-01-01,04:15:00,2.486,0.13,241.44,10.2,0,0,0
2007-01-01,04:16:00,2.488,0.13,241.57,10.2,0,0,0
2007-01-01,04:17:00,2.48,0.128,241.15,10.2,0,0,0
2007-01-01,04:18:00,2.488,0.132,241.67,10.2,0,0,0
2007-01-01,04:19:00,2.49,0.132,241.78,10.2,0,0,0
2007-01-01,04:20:00,2.484,0.13,241.53,10.2,0,0,0
2007-01-01,04:21:00,2.464,0.104,241.34,10.2,0,0,0
2007-01-01,04:22:00,2.398,0.0,241.79,9.8,0,0,0
2007-01-01,04:23:00,2.392,0.0,241.48,9.8,0,0,0
2007-01-01,04:24:00,2.406,0.0,242.25,9.8,0,0,0
2007-01-01,04:25:00,2.398,0.0,241.76,9.8,0,0,0
2007-01-01,04:26:00,2.398,0.0,241.83,9.8,0,0,0
2007-01-01,04:27:00,2.398,0.0,240.61,9.8,0,0,0
2007-01-01,04:28:00,2.402,0.0,240.97,9.8,0,0,0
2007-01-01,04:29:00,2.406,0.0,242.0,9.8,0,0,0
2007-01-01,04:30:00,2.412,0.0,242.56,9.8,0,0,0
2007-01-01,04:31:00,2.42,0.0,243.02,9.8,0,0,0
2007-01-01,04:32:00,2.418,0.0,242.87,9.8,0,0,0
2007-01-01,04:33:00,2.422,0.0,243.13,9.8,0,0,0
2007-01-01,04:34:00,2.418,0.0,242.87,9.8,0,0,0
2007-01-01,04:35:00,2.416,0.0,242.76,9.8,0,0,0
2007-01-01,04:36:00,2.42,0.0,243.04,9.8,0,0,0
2007-01-01,04:37:00,2.424,0.0,243.24,9.8,0,0,0
2007-01-01,04:38:00,2.43,0.0,243.5,9.8,0,0,0
2007-01-01,04:39:00,2.434,0.0,243.81,10.0,0,0,0
2007-01-01,04:40:00,2.436,0.0,243.83,10.0,0,0,0
2007-01-01,04:41:00,2.43,0.0,243.59,9.8,0,0,0
2007-01-01,04:42:00,2.468,0.0,243.21,10.0,0,0,0
2007-01-01,04:43:00,2.516,0.112,244.19,10.2,0,0,0
2007-01-01,04:44:00,2.508,0.11,243.81,10.2,0,0,0
2007-01-01,04:45:00,2.548,0.158,243.09,10.4,0,0,0
2007-01-01,04:46:00,2.6,0.244,242.9,10.6,0,0,0
2007-01-01,04:47:00,2.592,0.242,242.73,10.6,0,0,0
2007-01-01,04:48:00,2.598,0.246,243.21,10.6,0,0,0
2007-01-01,04:49:00,2.58,0.24,242.48,10.6,0,0,0
2007-01-01,04:50:00,2.55,0.204,242.25,10.4,0,0,0
2007-01-01,04:51:00,2.508,0.136,242.51,10.2,0,0,0
2007-01-01,04:52:00,2.516,0.138,242.99,10.2,0,0,0
2007-01-01,04:53:00,2.512,0.138,242.83,10.2,0,0,0
2007-01-01,04:54:00,2.508,0.136,242.71,10.2,0,0,0
2007-01-01,04:55:00,2.508,0.138,242.72,10.2,0,0,0
2007-01-01,04:56:00,2.51,0.138,242.89,10.2,0,0,0
2007-01-01,04:57:00,2.516,0.14,243.2,10.2,0,0,0
2007-01-01,04:58:00,2.524,0.142,243.69,10.2,0,0,0
2007-01-01,04:59:00,2.46,0.0,244.06,10.0,0,0,0
2007-01-01,05:00:00,2.436,0.0,243.85,10.0,0,0,0
2007-01-01,05:01:00,2.434,0.0,243.71,10.0,0,0,0
2007-01-01,05:02:00,2.432,0.0,243.68,10.0,0,0,0
2007-01-01,05:03:00,2.442,0.0,244.13,10.0,0,0,0
2007-01-01,05:04:00,2.442,0.0,244.16,10.0,0,0,0
2007-01-01,05:05:00,2.418,0.0,242.9,9.8,0,0,0
2007-01-01,05:06:00,2.428,0.0,243.39,9.8,0,0,0
2007-01-01,05:07:00,2.42,0.0,243.03,9.8,0,0,0
2007-01-01,05:08:00,2.426,0.0,243.27,9.8,0,0,0
2007-01-01,05:09:00,2.488,0.074,243.39,10.2,0,0,0
2007-01-01,05:10:00,2.508,0.128,243.37,10.2,0,1,0
2007-01-01,05:11:00,2.52,0.132,244.06,10.2,0,1,0
2007-01-01,05:12:00,2.524,0.132,244.26,10.2,0,2,0
2007-01-01,05:13:00,2.524,0.132,244.17,10.2,0,1,0
2007-01-01,05:14:00,2.524,0.132,244.12,10.2,0,1,0
2007-01-01,05:15:00,2.506,0.126,243.18,10.2,0,2,0
2007-01-01,05:16:00,2.496,0.124,242.67,10.2,0,1,0
2007-01-01,05:17:00,2.482,0.12,241.97,10.2,0,2,0
2007-01-01,05:18:00,2.484,0.12,242.02,10.2,0,1,0
2007-01-01,05:19:00,2.48,0.12,241.85,10.2,0,1,0
2007-01-01,05:20:00,2.496,0.124,242.81,10.2,0,2,0
2007-01-01,05:21:00,2.488,0.122,242.38,10.2,0,1,0
2007-01-01,05:22:00,2.484,0.12,242.17,10.2,0,2,0
2007-01-01,05:23:00,2.616,0.256,242.06,10.8,0,1,0
2007-01-01,05:24:00,2.652,0.358,241.6,11.0,0,1,0
2007-01-01,05:25:00,2.646,0.358,241.57,11.0,0,1,0
2007-01-01,05:26:00,2.646,0.358,241.64,11.0,0,2,0
2007-01-01,05:27:00,2.652,0.362,242.02,11.0,0,1,0
2007-01-01,05:28:00,2.654,0.364,242.37,11.0,0,1,0
2007-01-01,05:29:00,2.65,0.364,242.4,11.0,0,2,0
2007-01-01,05:30:00,2.644,0.364,242.28,11.0,0,1,0
2007-01-01,05:31:00,2.646,0.36,242.68,11.0,0,1,0
2007-01-01,05:32:00,2.572,0.258,242.32,10.6,0,1,0
2007-01-01,05:33:00,2.584,0.264,242.96,10.6,0,1,0
2007-01-01,05:34:00,2.58,0.262,242.86,10.6,0,2,0
2007-01-01,05:35:00,2.564,0.256,241.98,10.6,0,1,0
2007-01-01,05:36:00,2.526,0.21,241.66,10.4,0,1,0
2007-01-01,05:37:00,2.398,0.0,241.38,9.8,0,0,0
2007-01-01,05:38:00,2.376,0.0,240.61,9.8,0,0,0
2007-01-01,05:39:00,2.38,0.0,240.82,9.8,0,0,0
2007-01-01,05:40:00,2.39,0.0,241.41,9.8,0,0,0
2007-01-01,05:41:00,2.392,0.0,241.51,9.8,0,0,0
2007-01-01,05:42:00,2.396,0.0,241.73,9.8,0,0,0
2007-01-01,05:43:00,2.416,0.0,242.75,9.8,0,0,0
2007-01-01,05:44:00,2.408,0.0,242.3,9.8,0,0,0
2007-01-01,05:45:00,2.4,0.0,241.91,9.8,0,0,0
2007-01-01,05:46:00,2.398,0.0,241.82,9.8,0,0,0
2007-01-01,05:47:00,2.396,0.0,241.7,9.8,0,0,0
2007-01-01,05:48:00,2.4,0.0,241.88,9.8,0,0,0
2007-01-01,05:49:00,2.422,0.0,243.07,9.8,0,0,0
2007-01-01,05:50:00,2.422,0.0,243.11,9.8,0,0,0
2007-01-01,05:51:00,2.416,0.0,242.78,9.8,0,0,0
2007-01-01,05:52:00,2.4,0.0,241.9,9.8,0,0,0
2007-01-01,05:53:00,2.392,0.0,241.47,9.8,0,0,0
2007-01-01,05:54:00,2.38,0.0,240.89,9.8,0,0,0
2007-01-01,05:55:00,2.372,0.0,240.41,9.8,0,0,0
2007-01-01,05:56:00,2.372,0.0,240.41,9.8,0,0,0
2007-01-01,05:57:00,2.364,0.0,239.97,9.8,0,0,0
2007-01-01,05:58:00,2.38,0.0,240.84,9.8,0,0,0
2007-01-01,05:59:00,2.39,0.0,241.31,9.8,0,0,0
2007-01-01,06:00:00,2.46,0.064,241.13,10.2,0,0,0
2007-01-01,06:01:00,2.502,0.13,241.26,10.4,0,0,0
2007-01-01,06:02:00,2.496,0.128,241.14,10.2,0,0,0
2007-01-01,06:03:00,2.49,0.128,240.98,10.2,0,0,0
2007-01-01,06:04:00,2.482,0.126,240.68,10.2,0,0,0
2007-01-01,06:05:00,2.538,0.19,240.25,10.6,0,0,0
2007-01-01,06:06:00,2.544,0.228,240.22,10.6,0,0,0
2007-01-01,06:07:00,2.546,0.228,240.36,10.6,0,0,0
2007-01-01,06:08:00,2.55,0.23,240.63,10.6,0,0,0
2007-01-01,06:09:00,2.548,0.23,240.65,10.6,0,0,0
2007-01-01,06:10:00,2.544,0.23,240.67,10.6,0,0,0
2007-01-01,06:11:00,2.548,0.232,240.9,10.6,0,0,0
2007-01-01,06:12:00,2.546,0.23,240.8,10.6,0,0,0
2007-01-01,06:13:00,2.508,0.182,240.65,10.4,0,0,0
2007-01-01,06:14:00,2.382,0.0,240.53,9.8,0,0,0
2007-01-01,06:15:00,2.374,0.0,240.24,9.8,0,0,0
2007-01-01,06:16:00,2.378,0.0,240.48,9.8,0,0,0
2007-01-01,06:17:00,2.378,0.0,240.52,9.8,0,0,0
2007-01-01,06:18:00,2.392,0.0,241.32,9.8,0,0,0
2007-01-01,06:19:00,2.41,0.0,242.29,9.8,0,0,0
2007-01-01,06:20:00,2.404,0.0,241.99,9.8,0,0,0
2007-01-01,06:21:00,2.402,0.0,241.85,9.8,0,0,0
2007-01-01,06:22:00,2.4,0.0,241.69,9.8,0,0,0
2007-01-01,06:23:00,2.392,0.0,241.24,9.8,0,0,0
2007-01-01,06:24:00,2.394,0.0,241.41,9.8,0,0,0
2007-01-01,06:25:00,2.378,0.0,240.52,9.8,0,0,0
2007-01-01,06:26:00,2.384,0.0,240.93,9.8,0,0,0
2007-01-01,06:27:00,2.388,0.0,241.08,9.8,0,0,0
2007-01-01,06:28:00,2.392,0.0,241.33,9.8,0,0,0
2007-01-01,06:29:00,2.392,0.0,241.31,9.8,0,0,0
2007-01-01,06:30:00,2.402,0.0,241.87,9.8,0,0,0
2007-01-01,06:31:00,2.404,0.0,241.98,9.8,0,0,0
2007-01-01,06:32:00,2.406,0.0,242.15,9.8,0,0,0
2007-01-01,06:33:00,2.4,0.0,241.82,9.8,0,0,0
2007-01-01,06:34:00,2.406,0.0,242.03,9.8,0,0,0
2007-01-01,06:35:00,2.408,0.0,242.18,9.8,0,0,0
2007-01-01,06:36:00,2.392,0.0,241.29,9.8,0,0,0
2007-01-01,06:37:00,2.406,0.0,241.05,10.0,0,0,0
2007-01-01,06:38:00,2.48,0.122,240.22,10.2,0,0,0
2007-01-01,06:39:00,2.474,0.122,240.17,10.2,0,0,0
2007-01-01,06:40:00,2.484,0.124,240.83,10.2,0,0,0
2007-01-01,06:41:00,2.49,0.128,241.19,10.2,0,0,0
2007-01-01,06:42:00,2.498,0.13,241.68,10.2,0,0,0
2007-01-01,06:43:00,2.502,0.132,242.04,10.2,0,0,0
2007-01-01,06:44:00,2.51,0.134,242.48,10.2,0,0,0
2007-01-01,06:45:00,2.5,0.132,242.08,10.2,0,0,0
2007-01-01,06:46:00,2.492,0.13,241.67,10.2,0,0,0
2007-01-01,06:47:00,2.56,0.224,240.64,10.6,0,0,0
2007-01-01,06:48:00,2.538,0.226,240.24,10.6,0,0,0
2007-01-01,06:49:00,2.534,0.224,240.07,10.6,0,0,0
2007-01-01,06:50:00,2.54,0.226,240.44,10.6,0,0,0
2007-01-01,06:51:00,2.516,0.184,240.76,10.4,0,0,0
2007-01-01,06:52:00,2.478,0.102,242.16,10.2,0,0,0
2007-01-01,06:53:00,2.484,0.102,242.55,10.2,0,0,0
2007-01-01,06:54:00,2.476,0.102,242.21,10.2,0,0,0
2007-01-01,06:55:00,2.444,0.068,241.54,10.0,0,0,0
2007-01-01,06:56:00,2.394,0.0,241.54,9.8,0,0,0
2007-01-01,06:57:00,2.396,0.0,241.65,9.8,0,0,0
2007-01-01,06:58:00,2.396,0.0,241.73,9.8,0,0,0
2007-01-01,06:59:00,2.396,0.0,242.0,9.8,0,0,0
2007-01-01,07:00:00,2.396,0.0,242.03,9.8,0,0,0
2007-01-01,07:01:00,2.388,0.0,241.4,9.8,0,0,0
2007-01-01,07:02:00,2.39,0.0,241.3,9.8,0,0,0
2007-01-01,07:03:00,2.386,0.0,241.11,9.8,0,0,0
2007-01-01,07:04:00,2.374,0.0,240.74,9.8,0,0,0
2007-01-01,07:05:00,2.362,0.0,240.18,9.8,0,0,0
2007-01-01,07:06:00,2.362,0.0,240.09,9.8,0,0,0
2007-01-01,07:07:00,2.376,0.0,240.58,9.8,0,0,0
2007-01-01,07:08:00,2.362,0.0,239.82,9.8,0,0,0
2007-01-01,07:09:00,2.364,0.0,239.99,9.8,0,0,0
2007-01-01,07:10:00,2.366,0.0,240.38,9.8,0,0,0
2007-01-01,07:11:00,2.36,0.0,240.06,9.8,0,0,0
2007-01-01,07:12:00,2.362,0.0,239.8,9.8,0,0,0
2007-01-01,07:13:00,2.368,0.0,240.19,9.8,0,0,0
2007-01-01,07:14:00,2.378,0.0,240.71,9.8,0,0,0
2007-01-01,07:15:00,2.488,0.116,240.78,10.2,0,0,0
2007-01-01,07:16:00,2.478,0.124,240.69,10.2,0,0,0
2007-01-01,07:17:00,2.482,0.124,240.86,10.2,0,0,0
2007-01-01,07:18:00,2.476,0.124,240.53,10.2,0,0,0
2007-01-01,07:19:00,2.466,0.122,240.12,10.2,0,0,0
2007-01-01,07:20:00,2.458,0.12,240.03,10.2,0,0,0
2007-01-01,07:21:00,2.464,0.122,240.42,10.2,0,0,0
2007-01-01,07:22:00,2.468,0.124,240.71,10.2,0,0,0
2007-01-01,07:23:00,2.47,0.126,240.87,10.2,0,0,0
2007-01-01,07:24:00,2.472,0.124,240.66,10.2,0,0,0
2007-01-01,07:25:00,2.474,0.126,240.84,10.2,0,0,0
2007-01-01,07:26:00,2.46,0.122,240.07,10.2,0,0,0
2007-01-01,07:27:00,2.444,0.116,239.26,10.2,0,0,0
2007-01-01,07:28:00,2.496,0.172,239.06,10.4,0,0,0
2007-01-01,07:29:00,2.448,0.122,239.1,10.2,0,0,0
2007-01-01,07:30:00,2.422,0.088,239.22,10.0,0,0,0
2007-01-01,07:31:00,2.43,0.09,239.89,10.0,0,0,0
2007-01-01,07:32:00,2.432,0.09,239.95,10.0,0,0,0
2007-01-01,07:33:00,2.43,0.09,239.95,10.0,0,0,0
2007-01-01,07:34:00,2.476,0.138,239.88,10.2,0,0,0
2007-01-01,07:35:00,2.502,0.21,239.59,10.4,0,1,0
2007-01-01,07:36:00,2.508,0.212,239.99,10.4,0,1,0
2007-01-01,07:37:00,2.468,0.15,240.1,10.2,0,2,0
2007-01-01,07:38:00,2.44,0.11,240.01,10.0,0,1,0
2007-01-01,07:39:00,2.442,0.11,240.07,10.0,0,1,0
2007-01-01,07:40:00,2.45,0.112,240.53,10.2,0,2,0
2007-01-01,07:41:00,2.458,0.114,240.88,10.2,0,1,0
2007-01-01,07:42:00,2.468,0.116,241.44,10.2,0,2,0
2007-01-01,07:43:00,2.444,0.11,240.25,10.2,0,1,0
2007-01-01,07:44:00,2.444,0.11,240.27,10.2,0,1,0
2007-01-01,07:45:00,2.442,0.11,240.07,10.0,0,2,0
2007-01-01,07:46:00,2.448,0.112,240.51,10.2,0,1,0
2007-01-01,07:47:00,2.438,0.11,240.04,10.0,0,2,0
2007-01-01,07:48:00,2.432,0.108,239.66,10.0,0,1,0
2007-01-01,07:49:00,2.448,0.112,240.62,10.2,0,1,0
2007-01-01,07:50:00,2.446,0.112,240.52,10.0,0,1,0
2007-01-01,07:51:00,2.45,0.114,240.9,10.2,0,2,0
2007-01-01,07:52:00,2.53,0.2,240.8,10.4,0,1,0
2007-01-01,07:53:00,2.554,0.246,240.74,10.6,0,1,0
2007-01-01,07:54:00,2.536,0.242,240.06,10.6,0,2,0
2007-01-01,07:55:00,2.538,0.244,240.24,10.6,0,1,0
2007-01-01,07:56:00,2.536,0.242,240.23,10.6,0,1,0
2007-01-01,07:57:00,2.534,0.244,240.3,10.6,0,1,0
2007-01-01,07:58:00,2.522,0.24,239.74,10.4,0,1,0
2007-01-01,07:59:00,2.526,0.242,240.02,10.4,0,2,0
2007-01-01,08:00:00,2.532,0.244,240.44,10.4,0,1,0
2007-01-01,08:01:00,2.528,0.242,240.27,10.4,0,1,0
2007-01-01,08:02:00,2.51,0.204,240.6,10.4,0,1,0
2007-01-01,08:03:00,2.474,0.126,241.13,10.2,0,0,0
2007-01-01,08:04:00,2.462,0.122,240.56,10.2,0,0,0
2007-01-01,08:05:00,2.46,0.122,240.45,10.2,0,0,0
2007-01-01,08:06:00,2.448,0.1,240.67,10.2,0,0,0
2007-01-01,08:07:00,2.374,0.0,240.69,9.8,0,0,0
2007-01-01,08:08:00,2.38,0.0,241.02,9.8,0,0,0
2007-01-01,08:09:00,2.452,0.08,240.55,10.2,0,0,0
2007-01-01,08:10:00,2.454,0.096,241.04,10.2,0,0,0
2007-01-01,08:11:00,2.448,0.094,240.7,10.0,0,0,0
2007-01-01,08:12:00,2.45,0.094,240.82,10.0,0,0,0
2007-01-01,08:13:00,2.448,0.094,240.7,10.0,0,0,0
2007-01-01,08:14:00,2.45,0.096,240.89,10.0,0,0,0
2007-01-01,08:15:00,2.456,0.098,241.33,10.2,0,0,0
2007-01-01,08:16:00,2.444,0.094,240.72,10.0,0,0,0
2007-01-01,08:17:00,2.438,0.094,240.49,10.0,0,0,0
2007-01-01,08:18:00,2.372,0.0,240.59,9.8,0,0,0
2007-01-01,08:19:00,2.366,0.0,240.27,9.8,0,0,0
2007-01-01,08:20:00,2.362,0.0,240.05,9.8,0,0,0
2007-01-01,08:21:00,2.364,0.0,240.17,9.8,0,0,0
2007-01-01,08:22:00,2.376,0.0,240.78,9.8,0,0,0
2007-01-01,08:23:00,2.394,0.0,241.75,9.8,0,0,0
2007-01-01,08:24:00,2.392,0.0,241.7,9.8,0,0,0
2007-01-01,08:25:00,2.398,0.0,241.97,9.8,0,0,0
2007-01-01,08:26:00,2.4,0.0,242.13,9.8,0,0,0
2007-01-01,08:27:00,2.388,0.0,241.51,9.8,0,0,0
2007-01-01,08:28:00,2.4,0.0,242.08,9.8,0,0,0
2007-01-01,08:29:00,2.422,0.0,242.19,10.0,0,0,0
2007-01-01,08:30:00,2.49,0.126,241.12,10.2,0,0,0
2007-01-01,08:31:00,2.476,0.124,240.55,10.2,0,0,0
2007-01-01,08:32:00,2.48,0.124,240.84,10.2,0,0,0
2007-01-01,08:33:00,2.478,0.124,240.83,10.2,0,0,0
2007-01-01,08:34:00,2.488,0.128,241.44,10.2,0,0,0
2007-01-01,08:35:00,2.484,0.128,241.35,10.2,0,0,0
2007-01-01,08:36:00,2.492,0.13,241.8,10.2,0,0,0
2007-01-01,08:37:00,2.494,0.13,242.0,10.2,0,0,0
2007-01-01,08:38:00,2.484,0.128,241.53,10.2,0,0,0
2007-01-01,08:39:00,2.472,0.126,240.96,10.2,0,0,0
2007-01-01,08:40:00,2.466,0.124,240.7,10.2,0,0,0
2007-01-01,08:41:00,2.47,0.126,240.89,10.2,0,0,0
2007-01-01,08:42:00,2.476,0.126,241.25,10.2,0,0,0
2007-01-01,08:43:00,2.482,0.128,241.53,10.2,0,0,0
2007-01-01,08:44:00,2.436,0.062,241.55,10.0,0,0,0
2007-01-01,08:45:00,2.392,0.0,241.62,9.8,0,0,0
2007-01-01,08:46:00,2.388,0.0,241.42,9.8,0,0,0
2007-01-01,08:47:00,2.388,0.0,241.42,9.8,0,0,0
2007-01-01,08:48:00,2.394,0.0,241.75,9.8,0,0,0
2007-01-01,08:49:00,2.472,0.078,241.91,10.2,0,0,0
2007-01-01,08:50:00,2.474,0.102,242.13,10.2,0,0,0
2007-01-01,08:51:00,2.47,0.1,241.87,10.2,0,0,0
2007-01-01,08:52:00,2.454,0.096,241.06,10.2,0,0,0
2007-01-01,08:53:00,2.458,0.098,241.24,10.2,0,0,0
2007-01-01,08:54:00,2.458,0.098,241.27,10.2,0,0,0
2007-01-01,08:55:00,2.45,0.096,240.93,10.0,0,0,0
2007-01-01,08:56:00,2.454,0.098,241.19,10.0,0,0,0
2007-01-01,08:57:00,2.454,0.086,241.41,10.0,0,0,0
2007-01-01,08:58:00,2.394,0.0,241.38,9.8,0,0,0
2007-01-01,08:59:00,2.394,0.0,241.39,9.8,0,0,0
2007-01-01,09:00:00,2.384,0.0,240.98,9.8,0,0,0
2007-01-01,09:01:00,2.37,0.0,240.47,9.8,0,0,0
2007-01-01,09:02:00,2.368,0.0,240.37,9.8,0,0,0
2007-01-01,09:03:00,2.362,0.0,240.04,9.8,0,0,0
2007-01-01,09:04:00,2.364,0.0,240.15,9.8,0,0,0
2007-01-01,09:05:00,2.362,0.0,240.06,9.8,0,0,0
2007-01-01,09:06:00,2.364,0.0,240.22,9.8,0,0,0
2007-01-01,09:07:00,2.388,0.0,239.76,9.8,0,0,0
2007-01-01,09:08:00,2.456,0.118,239.23,10.2,0,0,0
2007-01-01,09:09:00,2.444,0.116,238.8,10.2,0,0,0
2007-01-01,09:10:00,2.45,0.118,239.3,10.2,0,0,0
2007-01-01,09:11:00,2.46,0.122,239.93,10.2,0,0,0
2007-01-01,09:12:00,2.468,0.122,239.98,10.2,0,0,0
2007-01-01,09:13:00,2.464,0.122,239.95,10.2,0,0,0
2007-01-01,09:14:00,2.464,0.122,240.0,10.2,0,0,0
2007-01-01,09:15:00,2.456,0.122,239.72,10.2,0,0,0
2007-01-01,09:16:00,2.44,0.118,238.89,10.2,0,0,0
2007-01-01,09:17:00,2.448,0.12,239.39,10.2,0,0,0
2007-01-01,09:18:00,2.46,0.122,240.03,10.2,0,0,0
2007-01-01,09:19:00,3.504,0.11,238.52,14.6,0,0,16
2007-01-01,09:20:00,3.502,0.108,238.12,14.6,0,0,18
2007-01-01,09:21:00,3.498,0.108,238.41,14.6,0,0,18
2007-01-01,09:22:00,3.406,0.0,238.19,14.2,0,0,17
2007-01-01,09:23:00,3.398,0.0,238.6,14.2,0,0,18
2007-01-01,09:24:00,3.38,0.0,238.07,14.2,0,0,17
2007-01-01,09:25:00,3.39,0.0,238.51,14.2,0,0,18
2007-01-01,09:26:00,3.406,0.0,239.11,14.2,0,0,17
2007-01-01,09:27:00,3.442,0.0,240.2,14.2,0,0,18
2007-01-01,09:28:00,3.444,0.0,240.27,14.2,0,0,18
2007-01-01,09:29:00,3.504,0.066,239.72,14.6,0,0,18
2007-01-01,09:30:00,3.506,0.086,239.95,14.6,0,0,17
2007-01-01,09:31:00,3.5,0.086,239.74,14.6,0,0,18
2007-01-01,09:32:00,3.498,0.086,239.73,14.6,0,0,17
2007-01-01,09:33:00,3.512,0.088,240.19,14.6,0,0,18
2007-01-01,09:34:00,3.514,0.088,240.37,14.6,0,0,18
2007-01-01,09:35:00,3.51,0.088,240.25,14.6,0,0,17
2007-01-01,09:36:00,3.522,0.09,240.73,14.6,0,0,18
2007-01-01,09:37:00,3.506,0.072,240.79,14.4,0,0,18
2007-01-01,09:38:00,3.434,0.0,240.28,14.2,0,0,18
2007-01-01,09:39:00,3.44,0.0,240.54,14.2,0,0,17
2007-01-01,09:40:00,3.442,0.0,240.64,14.2,0,0,18
2007-01-01,09:41:00,3.458,0.0,241.24,14.2,0,0,18
2007-01-01,09:42:00,3.456,0.0,240.87,14.2,0,0,18
2007-01-01,09:43:00,3.452,0.0,240.74,14.2,0,0,17
2007-01-01,09:44:00,3.458,0.0,240.96,14.2,0,0,18
2007-01-01,09:45:00,3.5,0.054,240.02,14.6,0,0,18
2007-01-01,09:46:00,3.538,0.116,239.92,14.6,0,0,18
2007-01-01,09:47:00,3.54,0.118,240.14,14.6,0,0,17
2007-01-01,09:48:00,3.526,0.114,239.72,14.6,0,0,18
2007-01-01,09:49:00,3.542,0.118,240.34,14.6,0,0,17
2007-01-01,09:50:00,3.558,0.122,240.97,14.6,0,0,18
2007-01-01,09:51:00,3.542,0.12,240.73,14.6,0,0,18
2007-01-01,09:52:00,3.528,0.118,240.25,14.6,0,0,18
2007-01-01,09:53:00,3.512,0.114,239.76,14.6,0,0,17
2007-01-01,09:54:00,3.502,0.114,239.41,14.6,0,0,18
2007-01-01,09:55:00,3.49,0.112,238.97,14.6,0,0,17
2007-01-01,09:56:00,3.486,0.11,238.85,14.6,0,0,18
2007-01-01,09:57:00,3.468,0.106,237.98,14.4,0,0,17
2007-01-01,09:58:00,3.482,0.11,238.49,14.6,0,0,18
2007-01-01,09:59:00,3.5,0.112,239.17,14.6,0,0,17
2007-01-01,10:00:00,3.48,0.048,239.62,14.4,0,0,18
2007-01-01,10:01:00,3.498,0.102,239.48,14.6,0,1,17
2007-01-01,10:02:00,3.504,0.102,239.71,14.6,0,1,18
2007-01-01,10:03:00,3.5,0.102,239.64,14.6,0,1,17
2007-01-01,10:04:00,3.484,0.102,239.24,14.4,0,2,18
2007-01-01,10:05:00,3.474,0.1,238.79,14.4,0,1,17
2007-01-01,10:06:00,3.482,0.1,239.09,14.4,0,2,18
2007-01-01,10:07:00,3.478,0.1,238.95,14.4,0,1,17
2007-01-01,10:08:00,2.916,0.106,239.33,12.4,0,1,9
2007-01-01,10:09:00,2.498,0.172,239.83,10.4,0,2,0
2007-01-01,10:10:00,2.51,0.214,239.74,10.4,0,1,0
2007-01-01,10:11:00,2.506,0.212,239.52,10.4,0,2,0
2007-01-01,10:12:00,2.482,0.204,237.92,10.4,0,1,0
2007-01-01,10:13:00,2.5,0.21,239.03,10.4,0,1,0
2007-01-01,10:14:00,2.484,0.206,238.31,10.4,0,2,0
2007-01-01,10:15:00,2.47,0.206,238.22,10.4,0,1,0
2007-01-01,10:16:00,2.442,0.21,238.16,10.2,0,1,0
2007-01-01,10:17:00,2.6,0.222,237.97,11.0,0,1,0
2007-01-01,10:18:00,2.746,0.202,237.27,11.6,0,2,0
2007-01-01,10:19:00,2.314,0.106,237.2,9.6,0,1,0
2007-01-01,10:20:00,2.28,0.108,237.42,9.6,0,1,0
2007-01-01,10:21:00,2.284,0.108,237.71,9.6,0,1,0
2007-01-01,10:22:00,2.29,0.11,238.0,9.6,0,2,0
2007-01-01,10:23:00,2.376,0.188,238.52,10.0,0,1,0
2007-01-01,10:24:00,2.42,0.248,239.4,10.0,0,1,0
2007-01-01,10:25:00,2.414,0.248,239.29,10.0,0,1,0
2007-01-01,10:26:00,2.416,0.246,239.2,10.0,0,1,0
2007-01-01,10:27:00,2.394,0.242,238.1,10.0,0,2,0
2007-01-01,10:28:00,2.472,0.124,237.94,10.4,0,0,0
2007-01-01,10:29:00,2.614,0.122,237.39,11.0,0,0,0
2007-01-01,10:30:00,2.616,0.124,237.56,11.0,0,0,0
2007-01-01,10:31:00,2.64,0.13,238.83,11.0,0,0,0
2007-01-01,10:32:00,2.634,0.128,238.63,11.0,0,0,0
2007-01-01,10:33:00,2.63,0.128,238.51,11.0,0,0,0
2007-01-01,10:34:00,2.644,0.132,239.22,11.0,0,0,0
2007-01-01,10:35:00,2.648,0.132,239.46,11.0,0,0,0
2007-01-01,10:36:00,2.636,0.13,238.85,11.0,0,0,0
2007-01-01,10:37:00,2.616,0.106,238.63,10.8,0,0,0
2007-01-01,10:38:00,2.542,0.0,238.67,10.6,0,0,0
2007-01-01,10:39:00,2.542,0.0,238.63,10.6,0,0,0
2007-01-01,10:40:00,2.546,0.0,238.75,10.6,0,0,0
2007-01-01,10:41:00,2.55,0.0,238.93,10.6,0,0,0
2007-01-01,10:42:00,2.538,0.0,238.32,10.6,0,0,0
2007-01-01,10:43:00,2.54,0.0,238.5,10.6,0,0,0
2007-01-01,10:44:00,2.536,0.0,238.28,10.6,0,0,0
2007-01-01,10:45:00,2.544,0.0,238.68,10.6,0,0,0
2007-01-01,10:46:00,2.598,0.064,238.07,10.8,0,0,0
2007-01-01,10:47:00,2.612,0.098,238.43,10.8,0,0,0
2007-01-01,10:48:00,2.614,0.098,238.48,10.8,0,0,0
2007-01-01,10:49:00,2.602,0.096,237.84,10.8,0,0,0
2007-01-01,10:50:00,2.6,0.096,237.87,10.8,0,0,0
2007-01-01,10:51:00,2.592,0.094,237.42,10.8,0,0,0
2007-01-01,10:52:00,2.602,0.096,238.04,10.8,0,0,0
2007-01-01,10:53:00,2.6,0.096,237.98,10.8,0,0,0
2007-01-01,10:54:00,2.602,0.098,238.19,10.8,0,0,0
2007-01-01,10:55:00,2.512,0.0,237.02,10.6,0,0,0
2007-01-01,10:56:00,2.512,0.0,237.09,10.6,0,0,0
2007-01-01,10:57:00,2.498,0.0,236.28,10.4,0,0,0
2007-01-01,10:58:00,2.508,0.0,236.82,10.6,0,0,0
2007-01-01,10:59:00,2.522,0.0,237.54,10.6,0,0,0
2007-01-01,11:00:00,2.51,0.0,236.92,10.6,0,0,0
2007-01-01,11:01:00,2.594,0.076,237.07,10.8,0,0,0
2007-01-01,11:02:00,2.608,0.118,236.46,11.0,0,0,0
2007-01-01,11:03:00,2.602,0.118,236.36,11.0,0,0,0
2007-01-01,11:04:00,2.596,0.116,236.14,11.0,0,0,0
2007-01-01,11:05:00,2.602,0.118,236.52,11.0,0,0,0
2007-01-01,11:06:00,2.596,0.118,236.33,11.0,0,0,0
2007-01-01,11:07:00,2.594,0.118,236.33,11.0,0,0,0
2007-01-01,11:08:00,2.614,0.122,237.3,11.0,0,0,0
2007-01-01,11:09:00,2.618,0.124,237.59,11.0,0,0,0
2007-01-01,11:10:00,2.618,0.124,237.66,11.0,0,0,0
2007-01-01,11:11:00,2.62,0.124,237.8,11.0,0,0,0
2007-01-01,11:12:00,2.624,0.126,238.01,11.0,0,0,0
2007-01-01,11:13:00,2.636,0.128,238.7,11.0,0,0,0
2007-01-01,11:14:00,2.624,0.126,238.09,11.0,0,0,0
2007-01-01,11:15:00,2.6,0.106,237.51,10.8,0,0,0
2007-01-01,11:16:00,2.518,0.0,237.34,10.6,0,0,0
2007-01-01,11:17:00,2.532,0.0,238.05,10.6,0,0,0
2007-01-01,11:18:00,2.536,0.0,238.31,10.6,0,0,0
2007-01-01,11:19:00,2.54,0.0,238.43,10.6,0,0,0
2007-01-01,11:20:00,2.542,0.0,238.51,10.6,0,0,0
2007-01-01,11:21:00,2.526,0.0,237.78,10.6,0,0,0
2007-01-01,11:22:00,2.52,0.0,237.4,10.6,0,0,0
2007-01-01,11:23:00,2.52,0.0,237.43,10.6,0,0,0
2007-01-01,11:24:00,2.532,0.0,238.02,10.6,0,0,0
2007-01-01,11:25:00,2.564,0.0,237.93,10.8,0,0,0
2007-01-01,11:26:00,2.596,0.094,237.62,10.8,0,0,0
2007-01-01,11:27:00,2.604,0.096,237.95,10.8,0,0,0
2007-01-01,11:28:00,2.594,0.094,237.48,10.8,0,0,0
2007-01-01,11:29:00,2.59,0.094,237.32,10.8,0,0,0
2007-01-01,11:30:00,2.602,0.096,237.93,10.8,0,0,0
2007-01-01,11:31:00,2.608,0.098,238.31,10.8,0,0,0
2007-01-01,11:32:00,2.612,0.098,238.57,10.8,0,0,0
2007-01-01,11:33:00,2.598,0.096,237.91,10.8,0,0,0
2007-01-01,11:34:00,2.544,0.0,237.54,10.6,0,0,0
2007-01-01,11:35:00,2.524,0.0,237.63,10.6,0,0,0
2007-01-01,11:36:00,2.522,0.0,237.57,10.6,0,0,0
2007-01-01,11:37:00,2.534,0.0,238.16,10.6,0,0,0
2007-01-01,11:38:00,2.528,0.0,237.88,10.6,0,0,0
2007-01-01,11:39:00,2.608,0.086,237.34,11.0,0,0,0
2007-01-01,11:40:00,2.624,0.122,237.27,11.0,0,0,0
2007-01-01,11:41:00,2.616,0.12,237.0,11.0,0,0,0
2007-01-01,11:42:00,2.612,0.12,236.88,11.0,0,0,0
2007-01-01,11:43:00,2.602,0.12,236.54,11.0,0,0,0
2007-01-01,11:44:00,2.6,0.118,236.48,11.0,0,0,0
2007-01-01,11:45:00,2.592,0.118,236.21,10.8,0,0,0
2007-01-01,11:46:00,2.592,0.118,236.24,10.8,0,0,0
2007-01-01,11:47:00,2.592,0.118,236.28,10.8,0,0,0
2007-01-01,11:48:00,2.584,0.116,235.9,10.8,0,0,0
2007-01-01,11:49:00,2.58,0.116,235.78,10.8,0,0,0
2007-01-01,11:50:00,2.586,0.118,236.16,10.8,0,0,0
2007-01-01,11:51:00,2.584,0.118,236.04,10.8,0,0,0
2007-01-01,11:52:00,2.59,0.118,236.39,10.8,0,0,0
2007-01-01,11:53:00,2.594,0.116,236.64,10.8,0,0,0
2007-01-01,11:54:00,2.522,0.0,237.5,10.6,0,0,0
2007-01-01,11:55:00,2.526,0.0,237.72,10.6,0,0,0
2007-01-01,11:56:00,2.536,0.0,238.26,10.6,0,0,0
2007-01-01,11:57:00,2.532,0.0,237.95,10.6,0,0,0
2007-01-01,11:58:00,2.53,0.0,237.85,10.6,0,0,0
2007-01-01,11:59:00,2.516,0.0,237.18,10.6,0,0,0
2007-01-01,12:00:00,2.478,0.0,235.3,10.4,0,0,0
2007-01-01,12:01:00,2.48,0.0,235.36,10.4,0,0,0
2007-01-01,12:02:00,2.502,0.0,236.38,10.6,0,0,0
2007-01-01,12:03:00,2.508,0.0,236.67,10.6,0,0,0
2007-01-01,12:04:00,2.504,0.0,236.5,10.6,0,0,0
2007-01-01,12:05:00,2.576,0.054,237.06,10.8,0,0,0
2007-01-01,12:06:00,2.588,0.094,237.18,10.8,0,0,0
2007-01-01,12:07:00,2.578,0.092,236.62,10.8,0,0,0
2007-01-01,12:08:00,2.562,0.09,235.85,10.8,0,0,0
2007-01-01,12:09:00,2.57,0.09,236.24,10.8,0,0,0
2007-01-01,12:10:00,2.576,0.092,236.63,10.8,0,0,0
2007-01-01,12:11:00,2.554,0.088,235.56,10.8,0,0,0
2007-01-01,12:12:00,2.562,0.09,236.03,10.8,0,0,0
2007-01-01,12:13:00,2.562,0.082,236.41,10.8,0,0,0
2007-01-01,12:14:00,2.484,0.0,235.55,10.4,0,0,0
2007-01-01,12:15:00,2.49,0.0,235.81,10.4,0,0,0
2007-01-01,12:16:00,2.512,0.0,236.96,10.6,0,0,0
2007-01-01,12:17:00,2.596,0.084,236.88,10.8,0,0,0
2007-01-01,12:18:00,2.616,0.12,236.78,11.0,0,0,0
2007-01-01,12:19:00,2.618,0.122,237.12,11.0,0,0,0
2007-01-01,12:20:00,2.642,0.128,238.47,11.0,0,0,0
2007-01-01,12:21:00,2.628,0.124,237.74,11.0,0,0,0
2007-01-01,12:22:00,2.628,0.124,237.82,11.0,0,0,0
2007-01-01,12:23:00,2.63,0.126,238.15,11.0,0,0,0
2007-01-01,12:24:00,2.628,0.126,238.01,11.0,0,0,0
2007-01-01,12:25:00,2.7,0.206,238.22,11.4,0,0,0
2007-01-01,12:26:00,2.7,0.244,237.65,11.4,0,1,0
2007-01-01,12:27:00,2.684,0.238,236.97,11.2,0,1,0
2007-01-01,12:28:00,2.696,0.242,237.63,11.4,0,2,0
2007-01-01,12:29:00,2.706,0.246,238.05,11.4,0,1,0
2007-01-01,12:30:00,2.7,0.244,237.72,11.4,0,1,0
2007-01-01,12:31:00,2.676,0.198,238.18,11.2,0,2,0
2007-01-01,12:32:00,2.606,0.114,237.69,10.8,0,1,0
2007-01-01,12:33:00,2.61,0.114,237.79,11.0,0,1,0
2007-01-01,12:34:00,2.602,0.112,237.48,10.8,0,2,0
2007-01-01,12:35:00,2.616,0.114,238.16,11.0,0,1,0
2007-01-01,12:36:00,2.608,0.114,237.82,10.8,0,2,0
2007-01-01,12:37:00,2.612,0.114,237.97,11.0,0,1,0
2007-01-01,12:38:00,2.626,0.118,238.72,11.0,0,1,0
2007-01-01,12:39:00,2.64,0.122,239.45,11.0,0,2,0
2007-01-01,12:40:00,2.64,0.122,239.61,11.0,0,1,0
2007-01-01,12:41:00,2.624,0.118,238.81,11.0,0,1,0
2007-01-01,12:42:00,2.614,0.116,238.32,10.8,0,1,0
2007-01-01,12:43:00,2.616,0.116,238.44,10.8,0,2,0
2007-01-01,12:44:00,2.61,0.114,238.25,10.8,0,1,0
2007-01-01,12:45:00,2.69,0.21,237.74,11.2,0,1,0
2007-01-01,12:46:00,2.682,0.216,238.15,11.2,0,1,0
2007-01-01,12:47:00,2.686,0.216,238.38,11.2,0,2,0
2007-01-01,12:48:00,2.694,0.218,238.8,11.2,0,1,0
2007-01-01,12:49:00,2.708,0.222,239.55,11.2,0,1,0
2007-01-01,12:50:00,2.706,0.224,239.61,11.2,0,1,0
2007-01-01,12:51:00,2.716,0.226,240.12,11.2,0,2,0
2007-01-01,12:52:00,2.678,0.186,239.42,11.2,0,0,0
2007-01-01,12:53:00,2.592,0.046,239.42,10.8,0,0,0
2007-01-01,12:54:00,2.562,0.0,239.49,10.6,0,0,0
2007-01-01,12:55:00,2.666,0.116,239.22,11.0,0,0,0
2007-01-01,12:56:00,2.668,0.132,239.46,11.0,0,0,0
2007-01-01,12:57:00,2.648,0.128,238.62,11.0,0,0,0
2007-01-01,12:58:00,2.646,0.128,238.6,11.0,0,0,0
2007-01-01,12:59:00,2.652,0.13,238.89,11.0,0,0,0
2007-01-01,13:00:00,2.662,0.134,239.5,11.0,0,0,0
2007-01-01,13:01:00,2.652,0.132,239.13,11.0,0,0,0
2007-01-01,13:02:00,2.63,0.126,238.07,11.0,0,0,0
2007-01-01,13:03:00,2.612,0.122,237.21,11.0,0,0,0
2007-01-01,13:04:00,2.616,0.124,237.58,11.0,0,0,0
2007-01-01,13:05:00,2.64,0.128,238.72,11.0,0,0,0
2007-01-01,13:06:00,2.632,0.126,238.36,11.0,0,0,0
2007-01-01,13:07:00,2.64,0.13,238.79,11.0,0,0,0
2007-01-01,13:08:00,2.64,0.13,238.78,11.0,0,0,0
2007-01-01,13:09:00,2.574,0.0,238.79,10.8,0,0,0
2007-01-01,13:10:00,2.542,0.0,238.39,10.6,0,0,0
2007-01-01,13:11:00,2.532,0.0,237.9,10.6,0,0,0
2007-01-01,13:12:00,2.512,0.0,236.88,10.6,0,0,0
2007-01-01,13:13:00,2.514,0.0,236.97,10.6,0,0,0
2007-01-01,13:14:00,2.512,0.0,236.88,10.6,0,0,0
2007-01-01,13:15:00,2.512,0.0,236.86,10.6,0,0,0
2007-01-01,13:16:00,2.516,0.0,237.04,10.6,0,0,0
2007-01-01,13:17:00,2.53,0.0,237.81,10.6,0,0,0
2007-01-01,13:18:00,2.528,0.0,237.82,10.6,0,0,0
2007-01-01,13:19:00,2.528,0.0,237.73,10.6,0,0,0
2007-01-01,13:20:00,2.546,0.0,238.61,10.6,0,0,0
2007-01-01,13:21:00,2.556,0.0,239.08,10.6,0,0,0
2007-01-01,13:22:00,2.572,0.0,239.92,10.6,0,0,0
2007-01-01,13:23:00,2.566,0.0,239.67,10.6,0,0,0
2007-01-01,13:24:00,2.556,0.0,239.17,10.6,0,0,0
2007-01-01,13:25:00,2.644,0.102,239.0,11.0,0,0,0
2007-01-01,13:26:00,2.632,0.102,239.36,11.0,0,0,0
2007-01-01,13:27:00,2.622,0.1,238.79,11.0,0,0,0
2007-01-01,13:28:00,2.612,0.098,238.31,10.8,0,0,0
2007-01-01,13:29:00,2.61,0.098,238.19,10.8,0,0,0
2007-01-01,13:30:00,2.614,0.098,238.51,10.8,0,0,0
2007-01-01,13:31:00,2.618,0.1,238.72,10.8,0,0,0
2007-01-01,13:32:00,2.642,0.13,238.0,11.0,0,0,0
2007-01-01,13:33:00,2.676,0.168,238.21,11.2,0,0,0
2007-01-01,13:34:00,2.644,0.126,238.28,11.0,0,0,0
2007-01-01,13:35:00,2.644,0.126,238.35,11.0,0,0,0
2007-01-01,13:36:00,2.644,0.128,238.53,11.0,0,0,0
2007-01-01,13:37:00,2.644,0.128,238.6,11.0,0,0,0
2007-01-01,13:38:00,2.63,0.124,237.92,11.0,0,0,0
2007-01-01,13:39:00,2.63,0.126,237.94,11.0,0,0,0
2007-01-01,13:40:00,2.62,0.124,237.58,11.0,0,0,0
2007-01-01,13:41:00,2.626,0.124,237.89,11.0,0,0,0
2007-01-01,13:42:00,2.638,0.128,238.55,11.0,0,0,0
2007-01-01,13:43:00,2.646,0.13,239.04,11.0,0,0,0
2007-01-01,13:44:00,2.632,0.126,238.38,11.0,0,0,0
2007-01-01,13:45:00,2.622,0.124,237.77,11.0,0,0,0
2007-01-01,13:46:00,2.622,0.118,238.06,11.0,0,0,0
2007-01-01,13:47:00,2.52,0.0,237.28,10.6,0,0,0
2007-01-01,13:48:00,2.26,0.0,237.99,9.8,0,0,0
2007-01-01,13:49:00,0.204,0.0,240.1,0.8,0,0,0
2007-01-01,13:50:00,0.204,0.0,240.09,0.8,0,0,0
2007-01-01,13:51:00,0.238,0.0,239.91,1.0,0,0,0
2007-01-01,13:52:00,0.318,0.0,240.14,1.4,0,0,0
2007-01-01,13:53:00,0.318,0.0,240.78,1.4,0,0,0
2007-01-01,13:54:00,0.214,0.0,240.69,1.0,0,0,0
2007-01-01,13:55:00,0.204,0.0,240.46,0.8,0,0,0
2007-01-01,13:56:00,0.206,0.0,241.01,0.8,0,0,0
2007-01-01,13:57:00,0.206,0.0,241.35,0.8,0,0,0
2007-01-01,13:58:00,0.296,0.102,240.32,1.4,0,0,0
2007-01-01,13:59:00,0.324,0.152,240.41,1.4,0,0,0
2007-01-01,14:00:00,1.164,0.138,238.96,7.2,0,0,0
2007-01-01,14:01:00,3.016,0.12,238.07,12.8,0,0,0
2007-01-01,14:02:00,0.342,0.182,242.45,1.6,0,0,0
2007-01-01,14:03:00,0.556,0.402,241.75,2.8,0,0,0
2007-01-01,14:04:00,0.636,0.454,240.95,3.2,0,0,0
2007-01-01,14:05:00,0.63,0.448,241.18,3.2,0,0,0
2007-01-01,14:06:00,0.626,0.446,241.62,3.2,0,0,0
2007-01-01,14:07:00,0.626,0.442,241.78,3.2,0,0,0
2007-01-01,14:08:00,0.622,0.44,241.81,3.2,0,0,0
2007-01-01,14:09:00,0.618,0.438,241.92,3.0,0,0,0
2007-01-01,14:10:00,0.614,0.434,241.93,3.0,0,0,0
2007-01-01,14:11:00,0.612,0.434,242.11,3.0,0,0,0
2007-01-01,14:12:00,0.61,0.43,241.71,3.0,0,0,0
2007-01-01,14:13:00,0.604,0.424,240.97,3.0,0,0,0
2007-01-01,14:14:00,0.546,0.336,241.31,2.6,0,0,0
2007-01-01,14:15:00,0.536,0.32,241.31,2.6,0,0,0
2007-01-01,14:16:00,0.536,0.32,241.34,2.6,0,0,0
2007-01-01,14:17:00,0.534,0.318,241.31,2.6,0,0,0
2007-01-01,14:18:00,0.534,0.316,241.12,2.6,0,0,0
2007-01-01,14:19:00,0.534,0.318,241.46,2.6,0,0,0
2007-01-01,14:20:00,0.536,0.32,242.12,2.6,0,0,0
2007-01-01,14:21:00,0.504,0.272,242.64,2.4,0,0,0
2007-01-01,14:22:00,0.446,0.186,242.7,2.0,0,0,0
2007-01-01,14:23:00,0.442,0.182,241.59,2.0,0,0,0
2007-01-01,14:24:00,0.44,0.18,241.2,2.0,0,0,0
2007-01-01,14:25:00,0.442,0.18,241.43,2.0,0,0,0
2007-01-01,14:26:00,0.45,0.18,241.39,2.0,0,0,0
2007-01-01,14:27:00,0.442,0.18,241.47,2.0,0,0,0
2007-01-01,14:28:00,0.442,0.18,241.82,2.0,0,0,0
2007-01-01,14:29:00,1.262,0.168,240.72,5.6,0,0,12
2007-01-01,14:30:00,1.44,0.096,240.89,6.0,0,0,18
2007-01-01,14:31:00,1.3,0.0,240.94,5.4,0,0,19
2007-01-01,14:32:00,1.286,0.0,240.61,5.2,0,0,18
2007-01-01,14:33:00,1.276,0.0,240.12,5.2,0,0,17
2007-01-01,14:34:00,1.272,0.0,239.91,5.2,0,0,18
2007-01-01,14:35:00,1.378,0.122,239.98,5.8,0,0,18
2007-01-01,14:36:00,1.416,0.14,239.6,5.8,0,0,18
2007-01-01,14:37:00,1.514,0.23,239.44,6.4,0,0,17
2007-01-01,14:38:00,1.5,0.24,239.22,6.2,0,0,18
2007-01-01,14:39:00,1.496,0.24,239.5,6.2,0,0,17
2007-01-01,14:40:00,1.5,0.244,240.03,6.2,0,0,18
2007-01-01,14:41:00,1.506,0.244,240.16,6.2,0,0,18
2007-01-01,14:42:00,1.504,0.244,240.07,6.2,0,0,17
2007-01-01,14:43:00,1.508,0.24,239.8,6.4,0,0,18
2007-01-01,14:44:00,1.508,0.242,239.95,6.4,0,0,18
2007-01-01,14:45:00,1.51,0.244,240.17,6.4,0,0,17
2007-01-01,14:46:00,1.506,0.246,240.47,6.2,0,0,18
2007-01-01,14:47:00,1.448,0.158,241.02,6.0,0,0,18
2007-01-01,14:48:00,1.912,0.148,240.18,8.4,0,0,17
2007-01-01,14:49:00,2.748,0.222,238.88,11.4,0,0,18
2007-01-01,14:50:00,2.76,0.268,238.75,11.6,0,1,17
2007-01-01,14:51:00,2.752,0.266,238.56,11.6,0,2,18
2007-01-01,14:52:00,2.768,0.272,239.37,11.6,0,1,17
2007-01-01,14:53:00,2.768,0.272,239.39,11.6,0,1,18
2007-01-01,14:54:00,2.732,0.198,240.08,11.4,0,2,18
2007-01-01,14:55:00,2.694,0.142,240.12,11.2,0,1,17
2007-01-01,14:56:00,2.692,0.142,240.05,11.2,0,2,18
2007-01-01,14:57:00,2.688,0.142,239.93,11.2,0,1,18
2007-01-01,14:58:00,2.69,0.142,240.06,11.2,0,1,17
2007-01-01,14:59:00,2.69,0.142,240.01,11.2,0,2,18
2007-01-01,15:00:00,2.686,0.14,239.88,11.2,0,1,18
2007-01-01,15:01:00,2.694,0.144,240.36,11.2,0,1,17
2007-01-01,15:02:00,2.694,0.144,240.38,11.2,0,2,18
2007-01-01,15:03:00,2.686,0.14,240.05,11.2,0,1,18
2007-01-01,15:04:00,2.676,0.14,239.66,11.0,0,1,17
2007-01-01,15:05:00,2.676,0.14,239.67,11.0,0,2,18
2007-01-01,15:06:00,2.676,0.14,239.74,11.0,0,1,17
2007-01-01,15:07:00,2.668,0.138,239.37,11.0,0,1,18
2007-01-01,15:08:00,2.672,0.138,239.59,11.0,0,2,18
2007-01-01,15:09:00,2.666,0.138,239.41,11.0,0,1,17
2007-01-01,15:10:00,2.668,0.138,239.54,11.0,0,1,18
2007-01-01,15:11:00,2.66,0.136,239.16,11.0,0,1,17
2007-01-01,15:12:00,2.644,0.132,238.45,11.0,0,1,18
2007-01-01,15:13:00,2.654,0.134,238.88,11.0,0,2,17
2007-01-01,15:14:00,2.646,0.132,238.58,11.0,0,1,18
2007-01-01,15:15:00,2.648,0.142,237.51,11.2,0,1,17
2007-01-01,15:16:00,2.718,0.234,238.5,11.4,0,1,17
2007-01-01,15:17:00,2.664,0.132,238.85,11.0,0,0,18
2007-01-01,15:18:00,2.646,0.114,238.32,11.0,0,0,17
2007-01-01,15:19:00,2.644,0.114,238.25,11.0,0,0,17
2007-01-01,15:20:00,2.738,0.236,237.23,11.6,0,0,18
2007-01-01,15:21:00,2.714,0.236,236.8,11.4,0,0,17
2007-01-01,15:22:00,2.722,0.238,237.39,11.4,0,0,17
2007-01-01,15:23:00,2.718,0.238,237.35,11.4,0,0,17
2007-01-01,15:24:00,2.716,0.23,237.74,11.4,0,0,18
2007-01-01,15:25:00,2.652,0.14,237.87,11.0,0,0,17
2007-01-01,15:26:00,1.444,0.152,239.19,6.0,0,0,18
2007-01-01,15:27:00,1.424,0.156,239.4,6.0,0,0,17
2007-01-01,15:28:00,1.378,0.16,240.1,5.8,0,0,18
2007-01-01,15:29:00,1.38,0.162,240.43,5.8,0,0,18
2007-01-01,15:30:00,1.38,0.162,240.46,5.8,0,0,17
2007-01-01,15:31:00,1.386,0.164,240.46,5.8,0,0,18
2007-01-01,15:32:00,1.376,0.158,239.59,5.8,0,0,18
2007-01-01,15:33:00,1.378,0.16,239.85,5.8,0,0,17
2007-01-01,15:34:00,1.376,0.16,239.74,5.8,0,0,18
2007-01-01,15:35:00,1.376,0.16,239.77,5.8,0,0,17
2007-01-01,15:36:00,1.362,0.154,238.58,5.6,0,0,18
2007-01-01,15:37:00,1.294,0.064,238.53,5.4,0,0,17
2007-01-01,15:38:00,1.26,0.0,237.89,5.2,0,0,18
2007-01-01,15:39:00,1.262,0.0,238.16,5.2,0,0,17
2007-01-01,15:40:00,1.272,0.0,239.14,5.2,0,0,17
2007-01-01,15:41:00,1.272,0.0,239.12,5.2,0,0,18
2007-01-01,15:42:00,1.274,0.0,239.19,5.2,0,0,18
2007-01-01,15:43:00,1.266,0.0,238.58,5.2,0,0,17
2007-01-01,15:44:00,1.272,0.0,239.09,5.2,0,0,17
2007-01-01,15:45:00,1.272,0.0,239.11,5.2,0,0,18
2007-01-01,15:46:00,1.282,0.0,239.43,5.2,0,0,18
2007-01-01,15:47:00,1.28,0.0,239.24,5.2,0,0,17
2007-01-01,15:48:00,1.274,0.0,238.9,5.2,0,0,18
2007-01-01,15:49:00,1.26,0.0,238.06,5.2,0,0,17
2007-01-01,15:50:00,1.266,0.0,238.58,5.2,0,0,17
2007-01-01,15:51:00,1.27,0.0,238.87,5.2,0,0,18
2007-01-01,15:52:00,1.276,0.0,239.5,5.2,0,0,17
2007-01-01,15:53:00,1.278,0.0,239.73,5.2,0,0,18
2007-01-01,15:54:00,1.35,0.112,238.92,5.6,0,0,17
2007-01-01,15:55:00,1.332,0.12,237.65,5.6,0,0,18
2007-01-01,15:56:00,1.332,0.12,237.58,5.6,0,0,17
2007-01-01,15:57:00,1.334,0.12,237.84,5.6,0,0,17
2007-01-01,15:58:00,1.332,0.12,237.7,5.6,0,0,18
2007-01-01,15:59:00,1.334,0.12,238.0,5.6,0,0,17
2007-01-01,16:00:00,1.338,0.124,238.61,5.6,0,0,18
2007-01-01,16:01:00,1.332,0.122,238.09,5.6,0,0,17
2007-01-01,16:02:00,1.374,0.16,238.07,5.8,0,0,17
2007-01-01,16:03:00,1.388,0.174,238.25,5.8,0,0,18
2007-01-01,16:04:00,1.366,0.152,238.13,5.8,0,0,17
2007-01-01,16:05:00,1.37,0.154,238.63,5.8,0,0,17
2007-01-01,16:06:00,1.372,0.156,238.85,5.8,0,0,18
2007-01-01,16:07:00,1.374,0.158,239.3,5.8,0,0,17
2007-01-01,16:08:00,1.372,0.158,239.13,5.6,0,0,18
2007-01-01,16:09:00,1.372,0.158,239.3,5.6,0,0,18
2007-01-01,16:10:00,1.364,0.156,238.76,5.6,0,0,17
2007-01-01,16:11:00,1.358,0.152,238.29,5.6,0,0,17
2007-01-01,16:12:00,1.354,0.15,237.91,5.6,0,0,18
2007-01-01,16:13:00,1.354,0.152,237.96,5.6,0,0,17
2007-01-01,16:14:00,1.354,0.15,237.99,5.6,0,0,17
2007-01-01,16:15:00,1.358,0.154,238.45,5.6,0,0,18
2007-01-01,16:16:00,1.362,0.156,238.79,5.6,0,0,17
2007-01-01,16:17:00,1.358,0.154,238.48,5.6,0,0,18
2007-01-01,16:18:00,1.356,0.154,238.44,5.6,0,0,17
2007-01-01,16:19:00,1.32,0.112,237.57,5.6,0,0,17
2007-01-01,16:20:00,1.254,0.0,237.37,5.2,0,0,18
2007-01-01,16:21:00,1.25,0.0,237.09,5.2,0,0,17
2007-01-01,16:22:00,1.26,0.0,237.98,5.2,0,0,17
2007-01-01,16:23:00,1.264,0.0,238.41,5.2,0,0,18
2007-01-01,16:24:00,1.264,0.0,238.35,5.2,0,0,17
2007-01-01,16:25:00,1.26,0.0,237.9,5.2,0,0,17
2007-01-01,16:26:00,1.252,0.0,237.29,5.2,0,0,18
2007-01-01,16:27:00,1.256,0.0,237.52,5.2,0,0,17
2007-01-01,16:28:00,1.258,0.0,237.67,5.2,0,0,17
2007-01-01,16:29:00,1.256,0.0,237.55,5.2,0,0,18
2007-01-01,16:30:00,1.262,0.0,238.22,5.2,0,0,17
2007-01-01,16:31:00,1.27,0.0,238.98,5.2,0,0,17
2007-01-01,16:32:00,1.3,0.0,238.93,5.4,0,0,18
2007-01-01,16:33:00,1.342,0.126,238.68,5.6,0,0,17
2007-01-01,16:34:00,1.342,0.126,238.75,5.6,0,0,18
2007-01-01,16:35:00,1.354,0.13,239.72,5.6,0,0,17
2007-01-01,16:36:00,1.366,0.136,240.95,5.6,0,0,18
2007-01-01,16:37:00,1.368,0.138,241.16,5.6,0,0,18
2007-01-01,16:38:00,1.372,0.14,241.61,5.6,0,0,18
2007-01-01,16:39:00,1.378,0.142,242.16,5.6,0,0,18
